TOP KẾT QUẢ TÌM KIẾM GOOGLE - SERYN CLINIC,,,,,,
Ngày báo cáo: 2026-07-19,,,,,,
STT,Từ khóa,Tiêu đề / Nguồn,URL,Loại nội dung,Đánh giá,Mới?
1,phòng khám Seryn,Phòng Khám Đa Khoa Seryn | Seryn Clinic (Website),https://seryn.vn/,Website chính thức,Tích cực,
2,phòng khám Seryn,Phòng khám Seryn Việt Nam (Facebook),https://www.facebook.com/p/Ph%C3%B2ng-kh%C3%A1m-Seryn-100094769671762/,Mạng xã hội,Tích cực,
3,phòng khám Seryn,Seryn Clinic chuẩn hóa quy trình thăm khám trẻ hóa da - VnExpress,https://vnexpress.net/seryn-clinic-chuan-hoa-quy-trinh-tham-kham-tre-hoa-da-5048687.html,Báo chí PR,Tích cực,
4,phòng khám Seryn,Phòng Khám Đa Khoa SERYN - YouTube (kênh chính thức),https://www.youtube.com/channel/UCojQ10-ZUGAt4hOpbMqaIZA/about,Mạng xã hội,Tích cực,
5,phòng khám Seryn,Đội ngũ y bác sĩ - Trang web chính thức seryn.vn,https://seryn.vn/experts/doi-ngu-y-bac-si/,Website chính thức,Tích cực,
6,seryn.vn,Nguyễn Ngọc Vinh - Trang chuyên gia (seryn.vn),https://seryn.vn/expert/nguyen-ngoc-vinh/,Website chính thức,Tích cực,
7,thẩm mỹ viện Seryn,Trải nghiệm trẻ hóa da cao cấp tại Seryn Clinic - VietnamNet,https://vietnamnet.vn/trai-nghiem-tre-hoa-da-cao-cap-tai-seryn-clinic-2529809.html,Báo chí PR,Tích cực,
8,thẩm mỹ viện Seryn,Điều gì giúp Seryn Clinic nổi bật - YAN.vn,https://www.yan.vn/dieu-gi-giup-seryn-clinic-noi-bat-giua-thi-truong-lam-dep-dang-bao-hoa-333818.html,Báo chí PR,Tích cực,
9,viện thẩm mỹ Seryn,Điều gì giúp Seryn Clinic nổi bật - TheThaoVanHoa (Top 10 Leading Brands VN 2026),https://thethaovanhoa.vn/dieu-gi-giup-seryn-clinic-noi-bat-giua-thi-truong-lam-dep-dang-bao-hoa-20260515100741387.htm,Báo chí PR,Tích cực,
10,viện thẩm mỹ Seryn,Môi nhiều nếp nhăn: Dưỡng mãi không hết? - Blog seryn.vn,https://seryn.vn/blog-detail/moi-nhieu-nep-nhan/,Website - Blog,Tích cực,
11,phòng khám đa khoa Seryn,9+ cách nâng cơ thon gọn mặt cho phụ nữ sau 35 - Blog seryn.vn,https://seryn.vn/blog-detail/nang-co-thon-gon-mat/,Website - Blog,Tích cực,
12,phòng khám đa khoa Seryn,Phòng Khám Đa Khoa Seryn - TimPhongKham.vn (danh bạ),https://timphongkham.vn/clinics/15247-phong-kham-da-khoa-seryn,Directory,Trung tính,
13,phòng khám đa khoa Seryn,Trẻ Hóa Sera Core - Landing page 2026,https://seryn.vn/landing/2026/tre-hoa-sera-core.html,Website chính thức,Tích cực,
14,Seryn Clinic 24 Nguyễn Bỉnh Khiêm,Khi trẻ hóa không phải chuyện của làn da - Dep.com.vn,https://dep.com.vn/khi-tre-hoa-khong-phai-chuyen-cua-lan-da/,Báo chí PR,Tích cực,
15,Seryn Clinic 24 Nguyễn Bỉnh Khiêm,Bác sĩ CKI Vũ Trung Hiếu - Dep.com.vn,https://dep.com.vn/bac-si-cki-vu-trung-hieu-mot-nep-nhan-khach-hang-nhin-thay-doi-khi-chi-la-phan-noi-cua-su-lao-hoa/,Báo chí PR,Tích cực,
16,Seryn Clinic 24 Nguyễn Bỉnh Khiêm,Trẻ hóa gương mặt: liệu trình riêng lẻ không còn được ưa chuộng - AFamily,https://afamily.vn/tre-hoa-guong-mat-vi-sao-nhung-lieu-trinh-rieng-le-khong-con-duoc-ua-chuong-236260318171908185.chn,Báo chí PR,Tích cực,
17,Seryn Clinic 24 Nguyễn Bỉnh Khiêm,Công ty CP Quốc tế Medpro Asia - TopCV,https://www.topcv.vn/cong-ty/cong-ty-co-phan-quoc-te-medpro-asia/254685.html,Directory,Trung tính,
18,seryn.vn,SERYN - Trang công ty LinkedIn chính thức,https://www.linkedin.com/company/serynvietnam,Mạng xã hội - Chuyên nghiệp,Tích cực,
19,seryn.vn,vietnamfinance.vn đưa tin về SERYN (đăng lại trên seryn.vn),https://seryn.vn/newspapers/vietnamfinance-vn-en/,Website - Báo chí tổng hợp,Tích cực,
20,seryn.vn,Trẻ hóa không đến từ skincare thông thường - VietnamNet,https://vietnamnet.vn/tre-hoa-khong-den-tu-skincare-thong-thuong-su-that-phai-dep-it-biet-2503099.html,Báo chí PR,Tích cực,
21,Seryn Clinic Medpro Asia,Hội đồng Y khoa SERYN Clinic tiên phong - Eva.vn,https://eva.vn/bi-quyet-lam-dep/hoi-dong-y-khoa-seryn-clinic-tien-phong-mo-goc-nhin-moi-trong-tre-hoa-lan-da-tai-viet-nam-c280a664272.html,Báo chí PR,Tích cực,
22,Seryn Clinic Medpro Asia,Hội đồng Y khoa SERYN Clinic tiên phong - Arttimes.vn,https://arttimes.vn/nhip-cau-doanh-nghiep/hoi-dong-y-khoa-seryn-clinic-tien-phong-mo-goc-nhin-moi-trong-tre-hoa-lan-da-tai-viet-nam-c56a75643.html,Báo chí PR,Tích cực,
23,Seryn Clinic review,Seryn Clinic - Tin tức mới nhất 24h - VnExpress Tag,https://vnexpress.net/tag/seryn-clinic-1890677,Báo chí - Tag,Trung tính,
24,Seryn Clinic review,Phòng Khám Đa Khoa Seryn - DeepAI Profile,https://deepai.org/profile/serynclinic,Directory,Trung tính,
25,Seryn Clinic review,Mỹ phẩm sulwhasoo có tốt không? Review chi tiết cho da 25+ - Blog seryn.vn,https://seryn.vn/blog-detail/my-pham-sulwhasoo-co-tot-khong-review-chi-tiet-cho-da-25/,Website - Blog,Tích cực,
26,Seryn Clinic lừa đảo phản ánh tiêu cực,Không tìm thấy bài viết tiêu cực/lừa đảo nào nhắc đến Seryn Clinic (24 Nguyễn Bỉnh Khiêm) hôm nay,-,Kết quả rà soát,An toàn,
27,Seryn Clinic Sở Y tế thanh tra xử phạt,Không tìm thấy quyết định thanh tra/xử phạt nào nhắc đích danh Seryn Clinic. Đã kiểm tra bài xử phạt mới trên danviet.vn (09/07/2026) — không có tên Seryn,-,Kết quả rà soát,An toàn,
28,seryn.vn / carry-forward,"Carry-forward: mô tả chi nhánh 45 Xã Đàn, Hà Nội (Clinexa Vietnam, GPHĐ 4903/HNO-GPHĐ) - khác đơn vị/GPHĐ đã xác nhận. Vẫn chưa có URL bài viết cụ thể mới để xác minh dứt điểm hôm nay.",-,Kết quả rà soát - cần xác minh,Trung tính,
